{"cameraMode":{"drawMode":0,"name":"Shaded","section":"Shading Mode"},"sceneLighting":true,"audioPlay":false,"sceneViewState":{"showFog":true,"showMaterialUpdate":false,"showSkybox":true,"showFlares":true,"showImageEffects":true,"showParticleSystems":true},"in2DMode":false,"pivot":{"x":0.09986072778701782,"y":-0.10750459134578705,"z":-0.17411142587661744},"rotation":{"x":-0.05820872634649277,"y":-0.941707193851471,"z":0.2277691662311554,"w":-0.24066686630249024},"size":0.9082509875297546,"orthographic":false}